source_product_name,standard_product_name,brand,cost_price,memo
[Tubble] 트루클린 듀얼액션 이염방지 세탁시트 (60매),[Tubble] 트루클린 듀얼액션 이염방지 세탁시트 (60매),터블,5250,초기 원가마스터
[Tubble] 케어클린 에어리셋 탈취제 (어반베르데/300g),[Tubble] 케어클린 에어리셋 탈취제 (어반베르데/300g),터블,5450,초기 원가마스터
[Tubble] 이지클린 포밍 주방세제 (본품/500ml),[Tubble] 이지클린 포밍 주방세제 (본품/500ml),터블,2450,초기 원가마스터
"[Tubble] 이지클린 포밍 주방세제 (리필팩/1,000ml)","[Tubble] 이지클린 포밍 주방세제 (리필팩/1,000ml)",터블,2435,초기 원가마스터
[Tubble] 파워클린 더블샷 욕실클리너,[Tubble] 파워클린 더블샷 욕실클리너,터블,1450,초기 원가마스터
[Tubble] 트루클린 캡슐 세탁세제 30P (코튼가든),[Tubble] 트루클린 캡슐 세탁세제 30P (코튼가든),터블,2509,초기 원가마스터
[Tubble] 트루클린 캡슐 세탁세제 30P (모닝머스크),[Tubble] 트루클린 캡슐 세탁세제 30P (모닝머스크),터블,2509,초기 원가마스터
[Tubble] 파워클린 다목적 세정티슈 (60매),[Tubble] 파워클린 다목적 세정티슈 (60매),터블,1290,초기 원가마스터
[Tubble] 트루클린 올인원 캡슐 세탁세제 35P (아쿠아블루),[Tubble] 트루클린 올인원 캡슐 세탁세제 35P (아쿠아블루),터블,2768,초기 원가마스터
[Tubble] 트루클린 올인원 퍼퓸 캡슐 세탁세제 35P (퍼퓸미모사),[Tubble] 트루클린 올인원 퍼퓸 캡슐 세탁세제 35P (퍼퓸미모사),터블,4295,초기 원가마스터
[Tubble] 트루클린 올인원 퍼퓸 캡슐 세탁세제 35P (퍼퓸그라스),[Tubble] 트루클린 올인원 퍼퓸 캡슐 세탁세제 35P (퍼퓸그라스),터블,4136,초기 원가마스터
[Tubble] 이지클린 텀블러 세정제 (스타터팩/10P),[Tubble] 이지클린 텀블러 세정제 (스타터팩/10P),터블,1031,초기 원가마스터
[Tubble] 이지클린 텀블러 세정제 (본품/30P),[Tubble] 이지클린 텀블러 세정제 (본품/30P),터블,3183,초기 원가마스터
[Tubble] 이지클린 텀블러 세정제 (실속팩/100P),[Tubble] 이지클린 텀블러 세정제 (실속팩/100P),터블,7446,초기 원가마스터
[Tubble] 트루클린 세탁조클리너 (4개입),[Tubble] 트루클린 세탁조클리너 (4개입),터블,3458,초기 원가마스터
[Tubble] 이지클린 올인원 식기세척기 세제 (40개입),[Tubble] 이지클린 올인원 식기세척기 세제 (40개입),터블,5191,초기 원가마스터
[Tubble] 트루클린 데일리 세탁 2종 선물세트,[Tubble] 트루클린 데일리 세탁 2종 선물세트,터블,6198,초기 원가마스터
[Tubble] 트루클린 올케어 세탁 3종 선물세트 A,[Tubble] 트루클린 올케어 세탁 3종 선물세트 A,터블,9656,초기 원가마스터
[Tubble] 이지클린 데일리 주방 3종 선물세트,[Tubble] 이지클린 데일리 주방 3종 선물세트,터블,9248,초기 원가마스터
[Tubble] 트루클린 프리미엄 세탁 2종 선물세트,[Tubble] 트루클린 프리미엄 세탁 2종 선물세트,터블,9611,초기 원가마스터
[Tubble] 세탁&주방 3종 선물세트,[Tubble] 세탁&주방 3종 선물세트,터블,8648,초기 원가마스터
[Tubble] 포밍 주방세제 3종 선물세트,[Tubble] 포밍 주방세제 3종 선물세트,터블,8500,초기 원가마스터
터블 선물세트 박스(단상자),터블 선물세트 박스(단상자),터블,1180,초기 원가마스터
"[키친플래그] 스테인레스 304 냄비 3종 SET (16편수, 20양수, 24양수)","[키친플래그] 스테인레스 304 냄비 3종 SET (16편수, 20양수, 24양수)",키친플래그,14091,초기 원가마스터
"[키친플래그] 스테인레스 304 밀폐찬통 8p SET(350ml*2, 550ml*2)","[키친플래그] 스테인레스 304 밀폐찬통 8p SET(350ml*2, 550ml*2)",키친플래그,7909,초기 원가마스터
[키친플래그] 스테인레스 304 슬라이드 채반,[키친플래그] 스테인레스 304 슬라이드 채반,키친플래그,5055,초기 원가마스터
[키친플래그] 오일스프레이 4p SET,[키친플래그] 오일스프레이 4p SET,키친플래그,4582,초기 원가마스터
[키친플래그] 극세사 행주 5개입 세트,[키친플래그] 극세사 행주 5개입 세트,키친플래그,1618,초기 원가마스터
[키친플래그] 타포린백 분리수거함 3단 세트,[키친플래그] 타포린백 분리수거함 3단 세트,키친플래그,4591,초기 원가마스터
키플 홈 소프트 데일리 미니타월 2p세트,키플 홈 소프트 데일리 미니타월 2p세트,,4182,초기 원가마스터
[키친플래그] 블랙 시그니처 칼가위 6종 세트,[키친플래그] 블랙 시그니처 칼가위 6종 세트,키친플래그,5546,초기 원가마스터
